origin_id,destination_id,transport_mode,distance_km,duration_min,estimated_carbon_g
DN001,DN002,đi bộ,0.16,8,0
DN002,DN001,đi bộ,0.16,8,0
DN001,DN002,xe đạp,0.16,6,0
DN002,DN001,xe đạp,0.16,6,0
DN001,DN002,xe bus,0.16,10,4
DN002,DN001,xe bus,0.16,10,4
DN001,DN002,taxi,0.16,7,27
DN002,DN001,taxi,0.16,7,27
DN001,DN003,đi bộ,0.45,8,0
DN003,DN001,đi bộ,0.45,8,0
DN001,DN003,xe đạp,0.45,6,0
DN003,DN001,xe đạp,0.45,6,0
DN001,DN003,xe bus,0.45,10,12
DN003,DN001,xe bus,0.45,10,12
DN001,DN003,taxi,0.45,7,76
DN003,DN001,taxi,0.45,7,76
DN001,DN004,đi bộ,1.51,22,0
DN004,DN001,đi bộ,1.51,22,0
DN001,DN004,xe đạp,1.51,11,0
DN004,DN001,xe đạp,1.51,11,0
DN001,DN004,xe bus,1.51,13,42
DN004,DN001,xe bus,1.51,13,42
DN001,DN004,taxi,1.51,9,256
DN004,DN001,taxi,1.51,9,256
DN001,DN005,đi bộ,0.8,13,0
DN005,DN001,đi bộ,0.8,13,0
DN001,DN005,xe đạp,0.8,8,0
DN005,DN001,xe đạp,0.8,8,0
DN001,DN005,xe bus,0.8,10,22
DN005,DN001,xe bus,0.8,10,22
DN001,DN005,taxi,0.8,8,136
DN005,DN001,taxi,0.8,8,136
DN001,DN006,đi bộ,1.81,26,0
DN006,DN001,đi bộ,1.81,26,0
DN001,DN006,xe đạp,1.81,13,0
DN006,DN001,xe đạp,1.81,13,0
DN001,DN006,xe bus,1.81,14,50
DN006,DN001,xe bus,1.81,14,50
DN001,DN006,taxi,1.81,10,307
DN006,DN001,taxi,1.81,10,307
DN001,DN007,đi bộ,1.92,28,0
DN007,DN001,đi bộ,1.92,28,0
DN001,DN007,xe đạp,1.92,13,0
DN007,DN001,xe đạp,1.92,13,0
DN001,DN007,xe bus,1.92,14,53
DN007,DN001,xe bus,1.92,14,53
DN001,DN007,taxi,1.92,10,326
DN007,DN001,taxi,1.92,10,326
DN001,DN008,xe bus,7.87,34,220
DN008,DN001,xe bus,7.87,34,220
DN001,DN008,taxi,7.87,25,1337
DN008,DN001,taxi,7.87,25,1337
DN001,DN009,xe đạp,6.81,38,0
DN009,DN001,xe đạp,6.81,38,0
DN001,DN009,xe bus,6.81,30,190
DN009,DN001,xe bus,6.81,30,190
DN001,DN009,taxi,6.81,23,1157
DN009,DN001,taxi,6.81,23,1157
DN001,DN010,xe bus,7.53,33,210
DN010,DN001,xe bus,7.53,33,210
DN001,DN010,taxi,7.53,24,1280
DN010,DN001,taxi,7.53,24,1280
DN001,DN011,xe đạp,7.39,40,0
DN011,DN001,xe đạp,7.39,40,0
DN001,DN011,xe bus,7.39,32,206
DN011,DN001,xe bus,7.39,32,206
DN001,DN011,taxi,7.39,24,1256
DN011,DN001,taxi,7.39,24,1256
DN001,DN012,đi bộ,2.27,32,0
DN012,DN001,đi bộ,2.27,32,0
DN001,DN012,xe đạp,2.27,15,0
DN012,DN001,xe đạp,2.27,15,0
DN001,DN012,xe bus,2.27,15,63
DN012,DN001,xe bus,2.27,15,63
DN001,DN012,taxi,2.27,11,385
DN012,DN001,taxi,2.27,11,385
DN001,DN013,đi bộ,0.8,13,0
DN013,DN001,đi bộ,0.8,13,0
DN001,DN013,xe đạp,0.8,8,0
DN013,DN001,xe đạp,0.8,8,0
DN001,DN013,xe bus,0.8,10,22
DN013,DN001,xe bus,0.8,10,22
DN001,DN013,taxi,0.8,8,136
DN013,DN001,taxi,0.8,8,136
DN001,DN014,đi bộ,0.96,15,0
DN014,DN001,đi bộ,0.96,15,0
DN001,DN014,xe đạp,0.96,8,0
DN014,DN001,xe đạp,0.96,8,0
DN001,DN014,xe bus,0.96,11,26
DN014,DN001,xe bus,0.96,11,26
DN001,DN014,taxi,0.96,8,163
DN014,DN001,taxi,0.96,8,163
DN001,DN015,đi bộ,0.27,8,0
DN015,DN001,đi bộ,0.27,8,0
DN001,DN015,xe đạp,0.27,6,0
DN015,DN001,xe đạp,0.27,6,0
DN001,DN015,xe bus,0.27,10,7
DN015,DN001,xe bus,0.27,10,7
DN001,DN015,taxi,0.27,7,45
DN015,DN001,taxi,0.27,7,45
DN001,DN016,xe bus,13.15,51,368
DN016,DN001,xe bus,13.15,51,368
DN001,DN016,taxi,13.15,38,2235
DN016,DN001,taxi,13.15,38,2235
DN001,DN017,xe bus,9.03,38,252
DN017,DN001,xe bus,9.03,38,252
DN001,DN017,taxi,9.03,28,1535
DN017,DN001,taxi,9.03,28,1535
DN001,DN018,xe đạp,6.84,38,0
DN018,DN001,xe đạp,6.84,38,0
DN001,DN018,xe bus,6.84,30,191
DN018,DN001,xe bus,6.84,30,191
DN001,DN018,taxi,6.84,23,1162
DN018,DN001,taxi,6.84,23,1162
DN001,DN019,xe bus,11.52,46,322
DN019,DN001,xe bus,11.52,46,322
DN001,DN019,taxi,11.52,34,1958
DN019,DN001,taxi,11.52,34,1958
DN001,DN020,xe đạp,4.59,26,0
DN020,DN001,xe đạp,4.59,26,0
DN001,DN020,xe bus,4.59,23,128
DN020,DN001,xe bus,4.59,23,128
DN001,DN020,taxi,4.59,17,780
DN020,DN001,taxi,4.59,17,780
DN002,DN003,đi bộ,0.61,10,0
DN003,DN002,đi bộ,0.61,10,0
DN002,DN003,xe đạp,0.61,7,0
DN003,DN002,xe đạp,0.61,7,0
DN002,DN003,xe bus,0.61,10,17
DN003,DN002,xe bus,0.61,10,17
DN002,DN003,taxi,0.61,7,103
DN003,DN002,taxi,0.61,7,103
DN002,DN004,đi bộ,1.56,23,0
DN004,DN002,đi bộ,1.56,23,0
DN002,DN004,xe đạp,1.56,11,0
DN004,DN002,xe đạp,1.56,11,0
DN002,DN004,xe bus,1.56,13,43
DN004,DN002,xe bus,1.56,13,43
DN002,DN004,taxi,1.56,9,265
DN004,DN002,taxi,1.56,9,265
DN002,DN005,đi bộ,0.86,14,0
DN005,DN002,đi bộ,0.86,14,0
DN002,DN005,xe đạp,0.86,8,0
DN005,DN002,xe đạp,0.86,8,0
DN002,DN005,xe bus,0.86,10,24
DN005,DN002,xe bus,0.86,10,24
DN002,DN005,taxi,0.86,8,146
DN005,DN002,taxi,0.86,8,146
DN002,DN006,đi bộ,1.93,28,0
DN006,DN002,đi bộ,1.93,28,0
DN002,DN006,xe đạp,1.93,13,0
DN006,DN002,xe đạp,1.93,13,0
DN002,DN006,xe bus,1.93,14,54
DN006,DN002,xe bus,1.93,14,54
DN002,DN006,taxi,1.93,10,328
DN006,DN002,taxi,1.93,10,328
DN002,DN007,đi bộ,1.77,26,0
DN007,DN002,đi bộ,1.77,26,0
DN002,DN007,xe đạp,1.77,12,0
DN007,DN002,xe đạp,1.77,12,0
DN002,DN007,xe bus,1.77,13,49
DN007,DN002,xe bus,1.77,13,49
DN002,DN007,taxi,1.77,10,300
DN007,DN002,taxi,1.77,10,300
DN002,DN008,xe bus,7.75,33,217
DN008,DN002,xe bus,7.75,33,217
DN002,DN008,taxi,7.75,25,1317
DN008,DN002,taxi,7.75,25,1317
DN002,DN009,xe đạp,6.66,37,0
DN009,DN002,xe đạp,6.66,37,0
DN002,DN009,xe bus,6.66,30,186
DN009,DN002,xe bus,6.66,30,186
DN002,DN009,taxi,6.66,22,1132
DN009,DN002,taxi,6.66,22,1132
DN002,DN010,xe đạp,7.49,41,0
DN010,DN002,xe đạp,7.49,41,0
DN002,DN010,xe bus,7.49,32,209
DN010,DN002,xe bus,7.49,32,209
DN002,DN010,taxi,7.49,24,1273
DN010,DN002,taxi,7.49,24,1273
DN002,DN011,xe đạp,7.35,40,0
DN011,DN002,xe đạp,7.35,40,0
DN002,DN011,xe bus,7.35,32,205
DN011,DN002,xe bus,7.35,32,205
DN002,DN011,taxi,7.35,24,1249
DN011,DN002,taxi,7.35,24,1249
DN002,DN012,đi bộ,2.15,31,0
DN012,DN002,đi bộ,2.15,31,0
DN002,DN012,xe đạp,2.15,14,0
DN012,DN002,xe đạp,2.15,14,0
DN002,DN012,xe bus,2.15,15,60
DN012,DN002,xe bus,2.15,15,60
DN002,DN012,taxi,2.15,11,365
DN012,DN002,taxi,2.15,11,365
DN002,DN013,đi bộ,0.84,13,0
DN013,DN002,đi bộ,0.84,13,0
DN002,DN013,xe đạp,0.84,8,0
DN013,DN002,xe đạp,0.84,8,0
DN002,DN013,xe bus,0.84,10,23
DN013,DN002,xe bus,0.84,10,23
DN002,DN013,taxi,0.84,8,142
DN013,DN002,taxi,0.84,8,142
DN002,DN014,đi bộ,0.99,15,0
DN014,DN002,đi bộ,0.99,15,0
DN002,DN014,xe đạp,0.99,8,0
DN014,DN002,xe đạp,0.99,8,0
DN002,DN014,xe bus,0.99,11,27
DN014,DN002,xe bus,0.99,11,27
DN002,DN014,taxi,0.99,8,168
DN014,DN002,taxi,0.99,8,168
DN002,DN015,đi bộ,0.4,8,0
DN015,DN002,đi bộ,0.4,8,0
DN002,DN015,xe đạp,0.4,6,0
DN015,DN002,xe đạp,0.4,6,0
DN002,DN015,xe bus,0.4,10,11
DN015,DN002,xe bus,0.4,10,11
DN002,DN015,taxi,0.4,7,68
DN015,DN002,taxi,0.4,7,68
DN002,DN016,xe bus,13.26,52,371
DN016,DN002,xe bus,13.26,52,371
DN002,DN016,taxi,13.26,39,2254
DN016,DN002,taxi,13.26,39,2254
DN002,DN017,xe bus,8.97,37,251
DN017,DN002,xe bus,8.97,37,251
DN002,DN017,taxi,8.97,28,1524
DN017,DN002,taxi,8.97,28,1524
DN002,DN018,xe đạp,6.71,37,0
DN018,DN002,xe đạp,6.71,37,0
DN002,DN018,xe bus,6.71,30,187
DN018,DN002,xe bus,6.71,30,187
DN002,DN018,taxi,6.71,22,1140
DN018,DN002,taxi,6.71,22,1140
DN002,DN019,xe bus,11.66,46,326
DN019,DN002,xe bus,11.66,46,326
DN002,DN019,taxi,11.66,35,1982
DN019,DN002,taxi,11.66,35,1982
DN002,DN020,xe đạp,4.74,27,0
DN020,DN002,xe đạp,4.74,27,0
DN002,DN020,xe bus,4.74,23,132
DN020,DN002,xe bus,4.74,23,132
DN002,DN020,taxi,4.74,17,805
DN020,DN002,taxi,4.74,17,805
DN003,DN004,đi bộ,1.43,21,0
DN004,DN003,đi bộ,1.43,21,0
DN003,DN004,xe đạp,1.43,11,0
DN004,DN003,xe đạp,1.43,11,0
DN003,DN004,xe bus,1.43,12,40
DN004,DN003,xe bus,1.43,12,40
DN003,DN004,taxi,1.43,9,243
DN004,DN003,taxi,1.43,9,243
DN003,DN005,đi bộ,0.75,12,0
DN005,DN003,đi bộ,0.75,12,0
DN003,DN005,xe đạp,0.75,7,0
DN005,DN003,xe đạp,0.75,7,0
DN003,DN005,xe bus,0.75,10,21
DN005,DN003,xe bus,0.75,10,21
DN003,DN005,taxi,0.75,7,127
DN005,DN003,taxi,0.75,7,127
DN003,DN006,đi bộ,1.47,22,0
DN006,DN003,đi bộ,1.47,22,0
DN003,DN006,xe đạp,1.47,11,0
DN006,DN003,xe đạp,1.47,11,0
DN003,DN006,xe bus,1.47,12,41
DN006,DN003,xe bus,1.47,12,41
DN003,DN006,taxi,1.47,9,249
DN006,DN003,taxi,1.47,9,249
DN003,DN007,đi bộ,2.37,33,0
DN007,DN003,đi bộ,2.37,33,0
DN003,DN007,xe đạp,2.37,15,0
DN007,DN003,xe đạp,2.37,15,0
DN003,DN007,xe bus,2.37,15,66
DN007,DN003,xe bus,2.37,15,66
DN003,DN007,taxi,2.37,11,402
DN007,DN003,taxi,2.37,11,402
DN003,DN008,xe bus,8.21,35,229
DN008,DN003,xe bus,8.21,35,229
DN003,DN008,taxi,8.21,26,1395
DN008,DN003,taxi,8.21,26,1395
DN003,DN009,xe đạp,7.22,40,0
DN009,DN003,xe đạp,7.22,40,0
DN003,DN009,xe bus,7.22,32,202
DN009,DN003,xe bus,7.22,32,202
DN003,DN009,taxi,7.22,24,1227
DN009,DN003,taxi,7.22,24,1227
DN003,DN010,xe bus,7.67,33,214
DN010,DN003,xe bus,7.67,33,214
DN003,DN010,taxi,7.67,25,1303
DN010,DN003,taxi,7.67,25,1303
DN003,DN011,xe bus,7.53,33,210
DN011,DN003,xe bus,7.53,33,210
DN003,DN011,taxi,7.53,24,1280
DN011,DN003,taxi,7.53,24,1280
DN003,DN012,đi bộ,2.66,37,0
DN012,DN003,đi bộ,2.66,37,0
DN003,DN012,xe đạp,2.66,17,0
DN012,DN003,xe đạp,2.66,17,0
DN003,DN012,xe bus,2.66,16,74
DN012,DN003,xe bus,2.66,16,74
DN003,DN012,taxi,2.66,12,452
DN012,DN003,taxi,2.66,12,452
DN003,DN013,đi bộ,0.84,13,0
DN013,DN003,đi bộ,0.84,13,0
DN003,DN013,xe đạp,0.84,8,0
DN013,DN003,xe đạp,0.84,8,0
DN003,DN013,xe bus,0.84,10,23
DN013,DN003,xe bus,0.84,10,23
DN003,DN013,taxi,0.84,8,142
DN013,DN003,taxi,0.84,8,142
DN003,DN014,đi bộ,1.02,16,0
DN014,DN003,đi bộ,1.02,16,0
DN003,DN014,xe đạp,1.02,9,0
DN014,DN003,xe đạp,1.02,9,0
DN003,DN014,xe bus,1.02,11,28
DN014,DN003,xe bus,1.02,11,28
DN003,DN014,taxi,1.02,8,173
DN014,DN003,taxi,1.02,8,173
DN003,DN015,đi bộ,0.31,8,0
DN015,DN003,đi bộ,0.31,8,0
DN003,DN015,xe đạp,0.31,6,0
DN015,DN003,xe đạp,0.31,6,0
DN003,DN015,xe bus,0.31,10,8
DN015,DN003,xe bus,0.31,10,8
DN003,DN015,taxi,0.31,7,52
DN015,DN003,taxi,0.31,7,52
DN003,DN016,xe bus,12.85,50,359
DN016,DN003,xe bus,12.85,50,359
DN003,DN016,taxi,12.85,38,2184
DN016,DN003,taxi,12.85,38,2184
DN003,DN017,xe bus,9.22,38,258
DN017,DN003,xe bus,9.22,38,258
DN003,DN017,taxi,9.22,29,1567
DN017,DN003,taxi,9.22,29,1567
DN003,DN018,xe đạp,7.22,40,0
DN018,DN003,xe đạp,7.22,40,0
DN003,DN018,xe bus,7.22,32,202
DN018,DN003,xe bus,7.22,32,202
DN003,DN018,taxi,7.22,24,1227
DN018,DN003,taxi,7.22,24,1227
DN003,DN019,xe bus,11.12,45,311
DN019,DN003,xe bus,11.12,45,311
DN003,DN019,taxi,11.12,33,1890
DN019,DN003,taxi,11.12,33,1890
DN003,DN020,xe đạp,4.16,24,0
DN020,DN003,xe đạp,4.16,24,0
DN003,DN020,xe bus,4.16,21,116
DN020,DN003,xe bus,4.16,21,116
DN003,DN020,taxi,4.16,16,707
DN020,DN003,taxi,4.16,16,707
DN004,DN005,đi bộ,0.72,12,0
DN005,DN004,đi bộ,0.72,12,0
DN004,DN005,xe đạp,0.72,7,0
DN005,DN004,xe đạp,0.72,7,0
DN004,DN005,xe bus,0.72,10,20
DN005,DN004,xe bus,0.72,10,20
DN004,DN005,taxi,0.72,7,122
DN005,DN004,taxi,0.72,7,122
DN004,DN006,đi bộ,1.03,16,0
DN006,DN004,đi bộ,1.03,16,0
DN004,DN006,xe đạp,1.03,9,0
DN006,DN004,xe đạp,1.03,9,0
DN004,DN006,xe bus,1.03,11,28
DN006,DN004,xe bus,1.03,11,28
DN004,DN006,taxi,1.03,8,175
DN006,DN004,taxi,1.03,8,175
DN004,DN007,đi bộ,2.66,37,0
DN007,DN004,đi bộ,2.66,37,0
DN004,DN007,xe đạp,2.66,17,0
DN007,DN004,xe đạp,2.66,17,0
DN004,DN007,xe bus,2.66,16,74
DN007,DN004,xe bus,2.66,16,74
DN004,DN007,taxi,2.66,12,452
DN007,DN004,taxi,2.66,12,452
DN004,DN008,xe đạp,7.39,40,0
DN008,DN004,xe đạp,7.39,40,0
DN004,DN008,xe bus,7.39,32,206
DN008,DN004,xe bus,7.39,32,206
DN004,DN008,taxi,7.39,24,1256
DN008,DN004,taxi,7.39,24,1256
DN004,DN009,xe đạp,6.81,38,0
DN009,DN004,xe đạp,6.81,38,0
DN004,DN009,xe bus,6.81,30,190
DN009,DN004,xe bus,6.81,30,190
DN004,DN009,taxi,6.81,23,1157
DN009,DN004,taxi,6.81,23,1157
DN004,DN010,xe bus,9.03,38,252
DN010,DN004,xe bus,9.03,38,252
DN004,DN010,taxi,9.03,28,1535
DN010,DN004,taxi,9.03,28,1535
DN004,DN011,xe bus,8.89,37,248
DN011,DN004,xe bus,8.89,37,248
DN004,DN011,taxi,8.89,28,1511
DN011,DN004,taxi,8.89,28,1511
DN004,DN012,xe đạp,3.59,21,0
DN012,DN004,xe đạp,3.59,21,0
DN004,DN012,xe bus,3.59,19,100
DN012,DN004,xe bus,3.59,19,100
DN004,DN012,taxi,3.59,14,610
DN012,DN004,taxi,3.59,14,610
DN004,DN013,đi bộ,0.71,12,0
DN013,DN004,đi bộ,0.71,12,0
DN004,DN013,xe đạp,0.71,7,0
DN013,DN004,xe đạp,0.71,7,0
DN004,DN013,xe bus,0.71,10,19
DN013,DN004,xe bus,0.71,10,19
DN004,DN013,taxi,0.71,7,120
DN013,DN004,taxi,0.71,7,120
DN004,DN014,đi bộ,0.6,10,0
DN014,DN004,đi bộ,0.6,10,0
DN004,DN014,xe đạp,0.6,6,0
DN014,DN004,xe đạp,0.6,6,0
DN004,DN014,xe bus,0.6,10,16
DN014,DN004,xe bus,0.6,10,16
DN004,DN014,taxi,0.6,7,102
DN014,DN004,taxi,0.6,7,102
DN004,DN015,đi bộ,1.63,24,0
DN015,DN004,đi bộ,1.63,24,0
DN004,DN015,xe đạp,1.63,12,0
DN015,DN004,xe đạp,1.63,12,0
DN004,DN015,xe bus,1.63,13,45
DN015,DN004,xe bus,1.63,13,45
DN004,DN015,taxi,1.63,10,277
DN015,DN004,taxi,1.63,10,277
DN004,DN016,xe bus,11.8,47,330
DN016,DN004,xe bus,11.8,47,330
DN004,DN016,taxi,11.8,35,2006
DN016,DN004,taxi,11.8,35,2006
DN004,DN017,xe bus,7.97,34,223
DN017,DN004,xe bus,7.97,34,223
DN004,DN017,taxi,7.97,25,1354
DN017,DN004,taxi,7.97,25,1354
DN004,DN018,xe đạp,6.61,37,0
DN018,DN004,xe đạp,6.61,37,0
DN004,DN018,xe bus,6.61,30,185
DN018,DN004,xe bus,6.61,30,185
DN004,DN018,taxi,6.61,22,1123
DN018,DN004,taxi,6.61,22,1123
DN004,DN019,xe bus,11.83,47,331
DN019,DN004,xe bus,11.83,47,331
DN004,DN019,taxi,11.83,35,2011
DN019,DN004,taxi,11.83,35,2011
DN004,DN020,xe đạp,4.83,28,0
DN020,DN004,xe đạp,4.83,28,0
DN004,DN020,xe bus,4.83,24,135
DN020,DN004,xe bus,4.83,24,135
DN004,DN020,taxi,4.83,18,821
DN020,DN004,taxi,4.83,18,821
DN005,DN006,đi bộ,1.19,18,0
DN006,DN005,đi bộ,1.19,18,0
DN005,DN006,xe đạp,1.19,9,0
DN006,DN005,xe đạp,1.19,9,0
DN005,DN006,xe bus,1.19,11,33
DN006,DN005,xe bus,1.19,11,33
DN005,DN006,taxi,1.19,8,202
DN006,DN005,taxi,1.19,8,202
DN005,DN007,đi bộ,2.27,32,0
DN007,DN005,đi bộ,2.27,32,0
DN005,DN007,xe đạp,2.27,15,0
DN007,DN005,xe đạp,2.27,15,0
DN005,DN007,xe bus,2.27,15,63
DN007,DN005,xe bus,2.27,15,63
DN005,DN007,taxi,2.27,11,385
DN007,DN005,taxi,2.27,11,385
DN005,DN008,xe bus,7.64,33,213
DN008,DN005,xe bus,7.64,33,213
DN005,DN008,taxi,7.64,25,1298
DN008,DN005,taxi,7.64,25,1298
DN005,DN009,xe đạp,6.83,38,0
DN009,DN005,xe đạp,6.83,38,0
DN005,DN009,xe bus,6.83,30,191
DN009,DN005,xe bus,6.83,30,191
DN005,DN009,taxi,6.83,23,1161
DN009,DN005,taxi,6.83,23,1161
DN005,DN010,xe bus,8.32,35,232
DN010,DN005,xe bus,8.32,35,232
DN005,DN010,taxi,8.32,26,1414
DN010,DN005,taxi,8.32,26,1414
DN005,DN011,xe bus,8.18,35,229
DN011,DN005,xe bus,8.18,35,229
DN005,DN011,taxi,8.18,26,1390
DN011,DN005,taxi,8.18,26,1390
DN005,DN012,đi bộ,2.97,41,0
DN012,DN005,đi bộ,2.97,41,0
DN005,DN012,xe đạp,2.97,18,0
DN012,DN005,xe đạp,2.97,18,0
DN005,DN012,xe bus,2.97,17,83
DN012,DN005,xe bus,2.97,17,83
DN005,DN012,taxi,2.97,13,504
DN012,DN005,taxi,2.97,13,504
DN005,DN013,đi bộ,0.16,8,0
DN013,DN005,đi bộ,0.16,8,0
DN005,DN013,xe đạp,0.16,6,0
DN013,DN005,xe đạp,0.16,6,0
DN005,DN013,xe bus,0.16,10,4
DN013,DN005,xe bus,0.16,10,4
DN005,DN013,taxi,0.16,7,27
DN013,DN005,taxi,0.16,7,27
DN005,DN014,đi bộ,0.3,8,0
DN014,DN005,đi bộ,0.3,8,0
DN005,DN014,xe đạp,0.3,6,0
DN014,DN005,xe đạp,0.3,6,0
DN005,DN014,xe bus,0.3,10,8
DN014,DN005,xe bus,0.3,10,8
DN005,DN014,taxi,0.3,7,51
DN014,DN005,taxi,0.3,7,51
DN005,DN015,đi bộ,0.92,15,0
DN015,DN005,đi bộ,0.92,15,0
DN005,DN015,xe đạp,0.92,8,0
DN015,DN005,xe đạp,0.92,8,0
DN005,DN015,xe bus,0.92,11,25
DN015,DN005,xe bus,0.92,11,25
DN005,DN015,taxi,0.92,8,156
DN015,DN005,taxi,0.92,8,156
DN005,DN016,xe bus,12.41,49,347
DN016,DN005,xe bus,12.41,49,347
DN005,DN016,taxi,12.41,37,2109
DN016,DN005,taxi,12.41,37,2109
DN005,DN017,xe bus,8.5,36,238
DN017,DN005,xe bus,8.5,36,238
DN005,DN017,taxi,8.5,27,1445
DN017,DN005,taxi,8.5,27,1445
DN005,DN018,xe đạp,6.74,37,0
DN018,DN005,xe đạp,6.74,37,0
DN005,DN018,xe bus,6.74,30,188
DN018,DN005,xe bus,6.74,30,188
DN005,DN018,taxi,6.74,22,1145
DN018,DN005,taxi,6.74,22,1145
DN005,DN019,xe bus,11.6,46,324
DN019,DN005,xe bus,11.6,46,324
DN005,DN019,taxi,11.6,35,1972
DN019,DN005,taxi,11.6,35,1972
DN005,DN020,xe đạp,4.59,26,0
DN020,DN005,xe đạp,4.59,26,0
DN005,DN020,xe bus,4.59,23,128
DN020,DN005,xe bus,4.59,23,128
DN005,DN020,taxi,4.59,17,780
DN020,DN005,taxi,4.59,17,780
DN006,DN007,xe đạp,3.45,21,0
DN007,DN006,xe đạp,3.45,21,0
DN006,DN007,xe bus,3.45,19,96
DN007,DN006,xe bus,3.45,19,96
DN006,DN007,taxi,3.45,14,586
DN007,DN006,taxi,3.45,14,586
DN006,DN008,xe bus,8.4,36,235
DN008,DN006,xe bus,8.4,36,235
DN006,DN008,taxi,8.4,27,1428
DN008,DN006,taxi,8.4,27,1428
DN006,DN009,xe bus,7.83,34,219
DN009,DN006,xe bus,7.83,34,219
DN006,DN009,taxi,7.83,25,1331
DN009,DN006,taxi,7.83,25,1331
DN006,DN010,xe bus,9.06,38,253
DN010,DN006,xe bus,9.06,38,253
DN006,DN010,taxi,9.06,28,1540
DN010,DN006,taxi,9.06,28,1540
DN006,DN011,xe bus,8.92,37,249
DN011,DN006,xe bus,8.92,37,249
DN006,DN011,taxi,8.92,28,1516
DN011,DN006,taxi,8.92,28,1516
DN006,DN012,xe đạp,4.08,24,0
DN012,DN006,xe đạp,4.08,24,0
DN006,DN012,xe bus,4.08,21,114
DN012,DN006,xe bus,4.08,21,114
DN006,DN012,taxi,4.08,16,693
DN012,DN006,taxi,4.08,16,693
DN006,DN013,đi bộ,1.31,20,0
DN013,DN006,đi bộ,1.31,20,0
DN006,DN013,xe đạp,1.31,10,0
DN013,DN006,xe đạp,1.31,10,0
DN006,DN013,xe bus,1.31,12,36
DN013,DN006,xe bus,1.31,12,36
DN006,DN013,taxi,1.31,9,222
DN013,DN006,taxi,1.31,9,222
DN006,DN014,đi bộ,1.34,20,0
DN014,DN006,đi bộ,1.34,20,0
DN006,DN014,xe đạp,1.34,10,0
DN014,DN006,xe đạp,1.34,10,0
DN006,DN014,xe bus,1.34,12,37
DN014,DN006,xe bus,1.34,12,37
DN006,DN014,taxi,1.34,9,227
DN014,DN006,taxi,1.34,9,227
DN006,DN015,đi bộ,1.78,26,0
DN015,DN006,đi bộ,1.78,26,0
DN006,DN015,xe đạp,1.78,12,0
DN015,DN006,xe đạp,1.78,12,0
DN006,DN015,xe bus,1.78,13,49
DN015,DN006,xe bus,1.78,13,49
DN006,DN015,taxi,1.78,10,302
DN015,DN006,taxi,1.78,10,302
DN006,DN016,xe bus,11.38,45,318
DN016,DN006,xe bus,11.38,45,318
DN006,DN016,taxi,11.38,34,1934
DN016,DN006,taxi,11.38,34,1934
DN006,DN017,xe bus,8.78,37,245
DN017,DN006,xe bus,8.78,37,245
DN006,DN017,taxi,8.78,27,1492
DN017,DN006,taxi,8.78,27,1492
DN006,DN018,xe bus,7.64,33,213
DN018,DN006,xe bus,7.64,33,213
DN006,DN018,taxi,7.64,25,1298
DN018,DN006,taxi,7.64,25,1298
DN006,DN019,xe bus,10.83,44,303
DN019,DN006,xe bus,10.83,44,303
DN006,DN019,taxi,10.83,33,1841
DN019,DN006,taxi,10.83,33,1841
DN006,DN020,xe đạp,3.86,23,0
DN020,DN006,xe đạp,3.86,23,0
DN006,DN020,xe bus,3.86,20,108
DN020,DN006,xe bus,3.86,20,108
DN006,DN020,taxi,3.86,15,656
DN020,DN006,taxi,3.86,15,656
DN007,DN008,xe đạp,6.39,35,0
DN008,DN007,xe đạp,6.39,35,0
DN007,DN008,xe bus,6.39,29,178
DN008,DN007,xe bus,6.39,29,178
DN007,DN008,taxi,6.39,21,1086
DN008,DN007,taxi,6.39,21,1086
DN007,DN009,xe đạp,5.0,29,0
DN009,DN007,xe đạp,5.0,29,0
DN007,DN009,xe bus,5.0,24,140
DN009,DN007,xe bus,5.0,24,140
DN007,DN009,taxi,5.0,18,850
DN009,DN007,taxi,5.0,18,850
DN007,DN010,xe đạp,7.45,41,0
DN010,DN007,xe đạp,7.45,41,0
DN007,DN010,xe bus,7.45,32,208
DN010,DN007,xe bus,7.45,32,208
DN007,DN010,taxi,7.45,24,1266
DN010,DN007,taxi,7.45,24,1266
DN007,DN011,xe đạp,7.31,40,0
DN011,DN007,xe đạp,7.31,40,0
DN007,DN011,xe bus,7.31,32,204
DN011,DN007,xe bus,7.31,32,204
DN007,DN011,taxi,7.31,24,1242
DN011,DN007,taxi,7.31,24,1242
DN007,DN012,đi bộ,1.53,22,0
DN012,DN007,đi bộ,1.53,22,0
DN007,DN012,xe đạp,1.53,11,0
DN012,DN007,xe đạp,1.53,11,0
DN007,DN012,xe bus,1.53,13,42
DN012,DN007,xe bus,1.53,13,42
DN007,DN012,taxi,1.53,9,260
DN012,DN007,taxi,1.53,9,260
DN007,DN013,đi bộ,2.14,30,0
DN013,DN007,đi bộ,2.14,30,0
DN007,DN013,xe đạp,2.14,14,0
DN013,DN007,xe đạp,2.14,14,0
DN007,DN013,xe bus,2.14,15,59
DN013,DN007,xe bus,2.14,15,59
DN007,DN013,taxi,2.14,11,363
DN013,DN007,taxi,2.14,11,363
DN007,DN014,đi bộ,2.13,30,0
DN014,DN007,đi bộ,2.13,30,0
DN007,DN014,xe đạp,2.13,14,0
DN014,DN007,xe đạp,2.13,14,0
DN007,DN014,xe bus,2.13,15,59
DN014,DN007,xe bus,2.13,15,59
DN007,DN014,taxi,2.13,11,362
DN014,DN007,taxi,2.13,11,362
DN007,DN015,đi bộ,2.15,31,0
DN015,DN007,đi bộ,2.15,31,0
DN007,DN015,xe đạp,2.15,14,0
DN015,DN007,xe đạp,2.15,14,0
DN007,DN015,xe bus,2.15,15,60
DN015,DN007,xe bus,2.15,15,60
DN007,DN015,taxi,2.15,11,365
DN015,DN007,taxi,2.15,11,365
DN007,DN016,xe bus,14.35,55,401
DN016,DN007,xe bus,14.35,55,401
DN007,DN016,taxi,14.35,41,2439
DN016,DN007,taxi,14.35,41,2439
DN007,DN017,xe bus,8.21,35,229
DN017,DN007,xe bus,8.21,35,229
DN007,DN017,taxi,8.21,26,1395
DN017,DN007,taxi,8.21,26,1395
DN007,DN018,xe đạp,5.18,29,0
DN018,DN007,xe đạp,5.18,29,0
DN007,DN018,xe bus,5.18,25,145
DN018,DN007,xe bus,5.18,25,145
DN007,DN018,taxi,5.18,18,880
DN018,DN007,taxi,5.18,18,880
DN007,DN019,xe bus,13.35,52,373
DN019,DN007,xe bus,13.35,52,373
DN007,DN019,taxi,13.35,39,2269
DN019,DN007,taxi,13.35,39,2269
DN007,DN020,xe đạp,6.49,36,0
DN020,DN007,xe đạp,6.49,36,0
DN007,DN020,xe bus,6.49,29,181
DN020,DN007,xe bus,6.49,29,181
DN007,DN020,taxi,6.49,22,1103
DN020,DN007,taxi,6.49,22,1103
DN008,DN009,đi bộ,2.49,35,0
DN009,DN008,đi bộ,2.49,35,0
DN008,DN009,xe đạp,2.49,16,0
DN009,DN008,xe đạp,2.49,16,0
DN008,DN009,xe bus,2.49,16,69
DN009,DN008,xe bus,2.49,16,69
DN008,DN009,taxi,2.49,12,423
DN009,DN008,taxi,2.49,12,423
DN008,DN010,xe bus,12.99,51,363
DN010,DN008,xe bus,12.99,51,363
DN008,DN010,taxi,12.99,38,2208
DN010,DN008,taxi,12.99,38,2208
DN008,DN011,xe bus,12.86,50,360
DN011,DN008,xe bus,12.86,50,360
DN008,DN011,taxi,12.86,38,2186
DN011,DN008,taxi,12.86,38,2186
DN008,DN012,xe bus,7.66,33,214
DN012,DN008,xe bus,7.66,33,214
DN008,DN012,taxi,7.66,25,1302
DN012,DN008,taxi,7.66,25,1302
DN008,DN013,xe đạp,7.5,41,0
DN013,DN008,xe đạp,7.5,41,0
DN008,DN013,xe bus,7.5,33,210
DN013,DN008,xe bus,7.5,33,210
DN008,DN013,taxi,7.5,24,1275
DN013,DN008,taxi,7.5,24,1275
DN008,DN014,xe đạp,7.35,40,0
DN014,DN008,xe đạp,7.35,40,0
DN008,DN014,xe bus,7.35,32,205
DN014,DN008,xe bus,7.35,32,205
DN008,DN014,taxi,7.35,24,1249
DN014,DN008,taxi,7.35,24,1249
DN008,DN015,xe bus,8.14,35,227
DN015,DN008,xe bus,8.14,35,227
DN008,DN015,taxi,8.14,26,1383
DN015,DN008,taxi,8.14,26,1383
DN008,DN016,xe bus,15.42,59,431
DN016,DN008,xe bus,15.42,59,431
DN008,DN016,taxi,15.42,44,2621
DN016,DN008,taxi,15.42,44,2621
DN008,DN017,xe đạp,3.75,22,0
DN017,DN008,xe đạp,3.75,22,0
DN008,DN017,xe bus,3.75,20,105
DN017,DN008,xe bus,3.75,20,105
DN008,DN017,taxi,3.75,15,637
DN017,DN008,taxi,3.75,15,637
DN008,DN018,đi bộ,1.54,23,0
DN018,DN008,đi bộ,1.54,23,0
DN008,DN018,xe đạp,1.54,11,0
DN018,DN008,xe đạp,1.54,11,0
DN008,DN018,xe bus,1.54,13,43
DN018,DN008,xe bus,1.54,13,43
DN008,DN018,taxi,1.54,9,261
DN018,DN008,taxi,1.54,9,261
DN008,DN019,xe bus,19.21,72,537
DN019,DN008,xe bus,19.21,72,537
DN008,DN019,taxi,19.21,54,3265
DN019,DN008,taxi,19.21,54,3265
DN008,DN020,xe bus,12.21,48,341
DN020,DN008,xe bus,12.21,48,341
DN008,DN020,taxi,12.21,36,2075
DN020,DN008,taxi,12.21,36,2075
DN009,DN010,xe bus,10.78,43,301
DN010,DN009,xe bus,10.78,43,301
DN009,DN010,taxi,10.78,32,1832
DN010,DN009,taxi,10.78,32,1832
DN009,DN011,xe bus,10.65,43,298
DN011,DN009,xe bus,10.65,43,298
DN009,DN011,taxi,10.65,32,1810
DN011,DN009,taxi,10.65,32,1810
DN009,DN012,xe đạp,5.95,33,0
DN012,DN009,xe đạp,5.95,33,0
DN009,DN012,xe bus,5.95,27,166
DN012,DN009,xe bus,5.95,27,166
DN009,DN012,taxi,5.95,20,1011
DN012,DN009,taxi,5.95,20,1011
DN009,DN013,xe đạp,6.68,37,0
DN013,DN009,xe đạp,6.68,37,0
DN009,DN013,xe bus,6.68,30,187
DN013,DN009,xe bus,6.68,30,187
DN009,DN013,taxi,6.68,22,1135
DN013,DN009,taxi,6.68,22,1135
DN009,DN014,xe đạp,6.57,36,0
DN014,DN009,xe đạp,6.57,36,0
DN009,DN014,xe bus,6.57,29,183
DN014,DN009,xe bus,6.57,29,183
DN009,DN014,taxi,6.57,22,1116
DN014,DN009,taxi,6.57,22,1116
DN009,DN015,xe đạp,7.06,39,0
DN015,DN009,xe đạp,7.06,39,0
DN009,DN015,xe bus,7.06,31,197
DN015,DN009,xe bus,7.06,31,197
DN009,DN015,taxi,7.06,23,1200
DN015,DN009,taxi,7.06,23,1200
DN009,DN016,xe bus,16.62,63,465
DN016,DN009,xe bus,16.62,63,465
DN009,DN016,taxi,16.62,47,2825
DN016,DN009,taxi,16.62,47,2825
DN009,DN017,xe đạp,6.06,34,0
DN017,DN009,xe đạp,6.06,34,0
DN009,DN017,xe bus,6.06,28,169
DN017,DN009,xe bus,6.06,28,169
DN009,DN017,taxi,6.06,21,1030
DN017,DN009,taxi,6.06,21,1030
DN009,DN018,đi bộ,1.05,16,0
DN018,DN009,đi bộ,1.05,16,0
DN009,DN018,xe đạp,1.05,9,0
DN018,DN009,xe đạp,1.05,9,0
DN009,DN018,xe bus,1.05,11,29
DN018,DN009,xe bus,1.05,11,29
DN009,DN018,taxi,1.05,8,178
DN018,DN009,taxi,1.05,8,178
DN009,DN019,xe bus,18.33,69,513
DN019,DN009,xe bus,18.33,69,513
DN009,DN019,taxi,18.33,51,3116
DN019,DN009,taxi,18.33,51,3116
DN009,DN020,xe bus,11.38,45,318
DN020,DN009,xe bus,11.38,45,318
DN009,DN020,taxi,11.38,34,1934
DN020,DN009,taxi,11.38,34,1934
DN010,DN011,đi bộ,0.14,8,0
DN011,DN010,đi bộ,0.14,8,0
DN010,DN011,xe đạp,0.14,6,0
DN011,DN010,xe đạp,0.14,6,0
DN010,DN011,xe bus,0.14,10,3
DN011,DN010,xe bus,0.14,10,3
DN010,DN011,taxi,0.14,7,23
DN011,DN010,taxi,0.14,7,23
DN010,DN012,xe đạp,5.92,33,0
DN012,DN010,xe đạp,5.92,33,0
DN010,DN012,xe bus,5.92,27,165
DN012,DN010,xe bus,5.92,27,165
DN010,DN012,taxi,5.92,20,1006
DN012,DN010,taxi,5.92,20,1006
DN010,DN013,xe bus,8.33,35,233
DN013,DN010,xe bus,8.33,35,233
DN010,DN013,taxi,8.33,26,1416
DN013,DN010,taxi,8.33,26,1416
DN010,DN014,xe bus,8.48,36,237
DN014,DN010,xe bus,8.48,36,237
DN010,DN014,taxi,8.48,27,1441
DN014,DN010,taxi,8.48,27,1441
DN010,DN015,xe đạp,7.42,41,0
DN015,DN010,xe đạp,7.42,41,0
DN010,DN015,xe bus,7.42,32,207
DN015,DN010,xe bus,7.42,32,207
DN010,DN015,taxi,7.42,24,1261
DN015,DN010,taxi,7.42,24,1261
DN010,DN016,xe bus,20.2,75,565
DN016,DN010,xe bus,20.2,75,565
DN010,DN016,taxi,20.2,56,3434
DN016,DN010,taxi,20.2,56,3434
DN010,DN017,xe bus,15.55,59,435
DN017,DN010,xe bus,15.55,59,435
DN010,DN017,taxi,15.55,44,2643
DN017,DN010,taxi,15.55,44,2643
DN010,DN018,xe bus,11.5,46,322
DN018,DN010,xe bus,11.5,46,322
DN010,DN018,taxi,11.5,34,1955
DN018,DN010,taxi,11.5,34,1955
DN010,DN019,xe bus,12.71,50,355
DN019,DN010,xe bus,12.71,50,355
DN010,DN019,taxi,12.71,37,2160
DN019,DN010,taxi,12.71,37,2160
DN010,DN020,xe bus,8.75,37,245
DN020,DN010,xe bus,8.75,37,245
DN010,DN020,taxi,8.75,27,1487
DN020,DN010,taxi,8.75,27,1487
DN011,DN012,xe đạp,5.78,32,0
DN012,DN011,xe đạp,5.78,32,0
DN011,DN012,xe bus,5.78,27,161
DN012,DN011,xe bus,5.78,27,161
DN011,DN012,taxi,5.78,20,982
DN012,DN011,taxi,5.78,20,982
DN011,DN013,xe bus,8.19,35,229
DN013,DN011,xe bus,8.19,35,229
DN011,DN013,taxi,8.19,26,1392
DN013,DN011,taxi,8.19,26,1392
DN011,DN014,xe bus,8.34,35,233
DN014,DN011,xe bus,8.34,35,233
DN011,DN014,taxi,8.34,26,1417
DN014,DN011,taxi,8.34,26,1417
DN011,DN015,xe đạp,7.28,40,0
DN015,DN011,xe đạp,7.28,40,0
DN011,DN015,xe bus,7.28,32,203
DN015,DN011,xe bus,7.28,32,203
DN011,DN015,taxi,7.28,24,1237
DN015,DN011,taxi,7.28,24,1237
DN011,DN016,xe bus,20.07,74,561
DN016,DN011,xe bus,20.07,74,561
DN011,DN016,taxi,20.07,56,3411
DN016,DN011,taxi,20.07,56,3411
DN011,DN017,xe bus,15.41,59,431
DN017,DN011,xe bus,15.41,59,431
DN011,DN017,taxi,15.41,44,2619
DN017,DN011,taxi,15.41,44,2619
DN011,DN018,xe bus,11.37,45,318
DN018,DN011,xe bus,11.37,45,318
DN011,DN018,taxi,11.37,34,1932
DN018,DN011,taxi,11.37,34,1932
DN011,DN019,xe bus,12.67,50,354
DN019,DN011,xe bus,12.67,50,354
DN011,DN019,taxi,12.67,37,2153
DN019,DN011,taxi,12.67,37,2153
DN011,DN020,xe bus,8.65,36,242
DN020,DN011,xe bus,8.65,36,242
DN011,DN020,taxi,8.65,27,1470
DN020,DN011,taxi,8.65,27,1470
DN012,DN013,đi bộ,2.91,40,0
DN013,DN012,đi bộ,2.91,40,0
DN012,DN013,xe đạp,2.91,18,0
DN013,DN012,xe đạp,2.91,18,0
DN012,DN013,xe bus,2.91,17,81
DN013,DN012,xe bus,2.91,17,81
DN012,DN013,taxi,2.91,13,494
DN013,DN012,taxi,2.91,13,494
DN012,DN014,đi bộ,2.99,42,0
DN014,DN012,đi bộ,2.99,42,0
DN012,DN014,xe đạp,2.99,18,0
DN014,DN012,xe đạp,2.99,18,0
DN012,DN014,xe bus,2.99,17,83
DN014,DN012,xe bus,2.99,17,83
DN012,DN014,taxi,2.99,13,508
DN014,DN012,taxi,2.99,13,508
DN012,DN015,đi bộ,2.35,33,0
DN015,DN012,đi bộ,2.35,33,0
DN012,DN015,xe đạp,2.35,15,0
DN015,DN012,xe đạp,2.35,15,0
DN012,DN015,xe bus,2.35,15,65
DN015,DN012,xe bus,2.35,15,65
DN012,DN015,taxi,2.35,11,399
DN015,DN012,taxi,2.35,11,399
DN012,DN016,xe bus,15.38,59,430
DN016,DN012,xe bus,15.38,59,430
DN012,DN016,taxi,15.38,44,2614
DN016,DN012,taxi,15.38,44,2614
DN012,DN017,xe bus,9.72,40,272
DN017,DN012,xe bus,9.72,40,272
DN012,DN017,taxi,9.72,30,1652
DN017,DN012,taxi,9.72,30,1652
DN012,DN018,xe đạp,6.33,35,0
DN018,DN012,xe đạp,6.33,35,0
DN012,DN018,xe bus,6.33,29,177
DN018,DN012,xe bus,6.33,29,177
DN012,DN018,taxi,6.33,21,1076
DN018,DN012,taxi,6.33,21,1076
DN012,DN019,xe bus,12.79,50,358
DN019,DN012,xe bus,12.79,50,358
DN012,DN019,taxi,12.79,37,2174
DN019,DN012,taxi,12.79,37,2174
DN012,DN020,xe đạp,6.25,35,0
DN020,DN012,xe đạp,6.25,35,0
DN012,DN020,xe bus,6.25,28,175
DN020,DN012,xe bus,6.25,28,175
DN012,DN020,taxi,6.25,21,1062
DN020,DN012,taxi,6.25,21,1062
DN013,DN014,đi bộ,0.18,8,0
DN014,DN013,đi bộ,0.18,8,0
DN013,DN014,xe đạp,0.18,6,0
DN014,DN013,xe đạp,0.18,6,0
DN013,DN014,xe bus,0.18,10,5
DN014,DN013,xe bus,0.18,10,5
DN013,DN014,taxi,0.18,7,30
DN014,DN013,taxi,0.18,7,30
DN013,DN015,đi bộ,0.97,15,0
DN015,DN013,đi bộ,0.97,15,0
DN013,DN015,xe đạp,0.97,8,0
DN015,DN013,xe đạp,0.97,8,0
DN013,DN015,xe bus,0.97,11,27
DN015,DN013,xe bus,0.97,11,27
DN013,DN015,taxi,0.97,8,164
DN015,DN013,taxi,0.97,8,164
DN013,DN016,xe bus,12.47,49,349
DN016,DN013,xe bus,12.47,49,349
DN013,DN016,taxi,12.47,37,2119
DN016,DN013,taxi,12.47,37,2119
DN013,DN017,xe bus,8.39,35,234
DN017,DN013,xe bus,8.39,35,234
DN013,DN017,taxi,8.39,26,1426
DN017,DN013,taxi,8.39,26,1426
DN013,DN018,xe đạp,6.59,36,0
DN018,DN013,xe đạp,6.59,36,0
DN013,DN018,xe bus,6.59,29,184
DN018,DN013,xe bus,6.59,29,184
DN013,DN018,taxi,6.59,22,1120
DN018,DN013,taxi,6.59,22,1120
DN013,DN019,xe bus,11.75,47,329
DN019,DN013,xe bus,11.75,47,329
DN013,DN019,taxi,11.75,35,1997
DN019,DN013,taxi,11.75,35,1997
DN013,DN020,xe đạp,4.75,27,0
DN020,DN013,xe đạp,4.75,27,0
DN013,DN020,xe bus,4.75,23,133
DN020,DN013,xe bus,4.75,23,133
DN013,DN020,taxi,4.75,17,807
DN020,DN013,taxi,4.75,17,807
DN014,DN015,đi bộ,1.14,17,0
DN015,DN014,đi bộ,1.14,17,0
DN014,DN015,xe đạp,1.14,9,0
DN015,DN014,xe đạp,1.14,9,0
DN014,DN015,xe bus,1.14,11,31
DN015,DN014,xe bus,1.14,11,31
DN014,DN015,taxi,1.14,8,193
DN015,DN014,taxi,1.14,8,193
DN014,DN016,xe bus,12.39,49,346
DN016,DN014,xe bus,12.39,49,346
DN014,DN016,taxi,12.39,36,2106
DN016,DN014,taxi,12.39,36,2106
DN014,DN017,xe bus,8.21,35,229
DN017,DN014,xe bus,8.21,35,229
DN014,DN017,taxi,8.21,26,1395
DN017,DN014,taxi,8.21,26,1395
DN014,DN018,xe đạp,6.46,36,0
DN018,DN014,xe đạp,6.46,36,0
DN014,DN018,xe bus,6.46,29,180
DN018,DN014,xe bus,6.46,29,180
DN014,DN018,taxi,6.46,22,1098
DN018,DN014,taxi,6.46,22,1098
DN014,DN019,xe bus,11.88,47,332
DN019,DN014,xe bus,11.88,47,332
DN014,DN019,taxi,11.88,35,2019
DN019,DN014,taxi,11.88,35,2019
DN014,DN020,xe đạp,4.88,28,0
DN020,DN014,xe đạp,4.88,28,0
DN014,DN020,xe bus,4.88,24,136
DN020,DN014,xe bus,4.88,24,136
DN014,DN020,taxi,4.88,18,829
DN020,DN014,taxi,4.88,18,829
DN015,DN016,xe bus,13.15,51,368
DN016,DN015,xe bus,13.15,51,368
DN015,DN016,taxi,13.15,38,2235
DN016,DN015,taxi,13.15,38,2235
DN015,DN017,xe bus,9.28,38,259
DN017,DN015,xe bus,9.28,38,259
DN015,DN017,taxi,9.28,29,1577
DN017,DN015,taxi,9.28,29,1577
DN015,DN018,xe đạp,7.11,39,0
DN018,DN015,xe đạp,7.11,39,0
DN015,DN018,xe bus,7.11,31,199
DN018,DN015,xe bus,7.11,31,199
DN015,DN018,taxi,7.11,23,1208
DN018,DN015,taxi,7.11,23,1208
DN015,DN019,xe bus,11.26,45,315
DN019,DN015,xe bus,11.26,45,315
DN015,DN019,taxi,11.26,34,1914
DN019,DN015,taxi,11.26,34,1914
DN015,DN020,xe đạp,4.35,25,0
DN020,DN015,xe đạp,4.35,25,0
DN015,DN020,xe bus,4.35,22,121
DN020,DN015,xe bus,4.35,22,121
DN015,DN020,taxi,4.35,16,739
DN020,DN015,taxi,4.35,16,739
DN016,DN017,xe bus,12.63,50,353
DN017,DN016,xe bus,12.63,50,353
DN016,DN017,taxi,12.63,37,2147
DN017,DN016,taxi,12.63,37,2147
DN016,DN018,xe bus,15.82,60,442
DN018,DN016,xe bus,15.82,60,442
DN016,DN018,taxi,15.82,45,2689
DN018,DN016,taxi,15.82,45,2689
DN016,DN019,xe bus,14.8,57,414
DN019,DN016,xe bus,14.8,57,414
DN016,DN019,taxi,14.8,43,2516
DN019,DN016,taxi,14.8,43,2516
DN016,DN020,xe bus,11.96,47,334
DN020,DN016,xe bus,11.96,47,334
DN016,DN020,taxi,11.96,35,2033
DN020,DN016,taxi,11.96,35,2033
DN017,DN018,xe đạp,5.01,29,0
DN018,DN017,xe đạp,5.01,29,0
DN017,DN018,xe bus,5.01,24,140
DN018,DN017,xe bus,5.01,24,140
DN017,DN018,taxi,5.01,18,851
DN018,DN017,taxi,5.01,18,851
DN017,DN019,xe bus,19.32,72,540
DN019,DN017,xe bus,19.32,72,540
DN017,DN019,taxi,19.32,54,3284
DN019,DN017,taxi,19.32,54,3284
DN017,DN020,xe bus,12.55,49,351
DN020,DN017,xe bus,12.55,49,351
DN017,DN020,taxi,12.55,37,2133
DN020,DN017,taxi,12.55,37,2133
DN018,DN019,xe bus,18.33,69,513
DN019,DN018,xe bus,18.33,69,513
DN018,DN019,taxi,18.33,51,3116
DN019,DN018,taxi,18.33,51,3116
DN018,DN020,xe bus,11.34,45,317
DN020,DN018,xe bus,11.34,45,317
DN018,DN020,taxi,11.34,34,1927
DN020,DN018,taxi,11.34,34,1927
DN019,DN020,xe đạp,7.01,39,0
DN020,DN019,xe đạp,7.01,39,0
DN019,DN020,xe bus,7.01,31,196
DN020,DN019,xe bus,7.01,31,196
DN019,DN020,taxi,7.01,23,1191
DN020,DN019,taxi,7.01,23,1191
